timestamp, memory.used [MiB], temperature.gpu, utilization.gpu [%]
2026/05/26 13:42:53.757, [N/A], 39, 0 %
2026/05/26 13:42:54.768, [N/A], 39, 0 %
2026/05/26 13:42:55.768, [N/A], 39, 0 %
2026/05/26 13:42:56.769, [N/A], 40, 0 %
2026/05/26 13:42:57.769, [N/A], 39, 0 %
2026/05/26 13:42:58.770, [N/A], 40, 0 %
2026/05/26 13:42:59.771, [N/A], 40, 0 %
2026/05/26 13:43:00.771, [N/A], 40, 0 %
2026/05/26 13:43:01.772, [N/A], 40, 0 %
2026/05/26 13:43:02.772, [N/A], 39, 0 %
2026/05/26 13:43:03.772, [N/A], 39, 0 %
2026/05/26 13:43:04.773, [N/A], 39, 0 %
2026/05/26 13:43:05.774, [N/A], 39, 0 %
2026/05/26 13:43:06.774, [N/A], 39, 0 %
2026/05/26 13:43:07.775, [N/A], 39, 0 %
2026/05/26 13:43:08.776, [N/A], 39, 0 %
2026/05/26 13:43:09.777, [N/A], 39, 0 %
2026/05/26 13:43:10.778, [N/A], 40, 0 %
2026/05/26 13:43:11.779, [N/A], 40, 0 %
2026/05/26 13:43:12.779, [N/A], 40, 0 %
2026/05/26 13:43:13.780, [N/A], 40, 0 %
2026/05/26 13:43:14.780, [N/A], 40, 0 %
2026/05/26 13:43:15.781, [N/A], 40, 0 %
2026/05/26 13:43:16.781, [N/A], 40, 0 %
2026/05/26 13:43:17.781, [N/A], 40, 0 %
2026/05/26 13:43:18.782, [N/A], 40, 0 %
2026/05/26 13:43:19.782, [N/A], 40, 0 %
2026/05/26 13:43:20.782, [N/A], 40, 0 %
2026/05/26 13:43:21.783, [N/A], 40, 0 %
2026/05/26 13:43:22.784, [N/A], 40, 0 %
2026/05/26 13:43:23.784, [N/A], 40, 0 %
2026/05/26 13:43:24.785, [N/A], 40, 0 %
2026/05/26 13:43:25.786, [N/A], 40, 0 %
2026/05/26 13:43:26.787, [N/A], 40, 0 %
2026/05/26 13:43:27.787, [N/A], 40, 0 %
2026/05/26 13:43:28.788, [N/A], 40, 0 %
2026/05/26 13:43:29.788, [N/A], 40, 0 %
2026/05/26 13:43:30.789, [N/A], 40, 0 %
2026/05/26 13:43:31.790, [N/A], 40, 0 %
2026/05/26 13:43:32.790, [N/A], 40, 0 %
2026/05/26 13:43:33.790, [N/A], 40, 0 %
2026/05/26 13:43:34.791, [N/A], 40, 0 %
2026/05/26 13:43:35.791, [N/A], 41, 0 %
2026/05/26 13:43:36.792, [N/A], 41, 0 %
2026/05/26 13:43:37.793, [N/A], 41, 0 %
2026/05/26 13:43:38.793, [N/A], 41, 0 %
2026/05/26 13:43:39.793, [N/A], 41, 0 %
2026/05/26 13:43:40.793, [N/A], 41, 0 %
2026/05/26 13:43:41.794, [N/A], 41, 0 %
2026/05/26 13:43:42.794, [N/A], 41, 0 %
2026/05/26 13:43:43.795, [N/A], 41, 0 %
2026/05/26 13:43:44.795, [N/A], 41, 0 %
2026/05/26 13:43:45.795, [N/A], 41, 0 %
2026/05/26 13:43:47.006, [N/A], 41, 95 %
2026/05/26 13:43:48.124, [N/A], 46, 96 %
2026/05/26 13:43:49.125, [N/A], 47, 83 %
2026/05/26 13:43:50.125, [N/A], 48, 95 %
2026/05/26 13:43:51.126, [N/A], 43, 95 %
2026/05/26 13:43:52.127, [N/A], 43, 0 %
2026/05/26 13:43:53.127, [N/A], 43, 0 %
2026/05/26 13:43:54.128, [N/A], 43, 0 %
2026/05/26 13:43:55.128, [N/A], 43, 0 %
2026/05/26 13:43:56.129, [N/A], 43, 0 %
2026/05/26 13:43:57.129, [N/A], 43, 0 %
2026/05/26 13:43:58.129, [N/A], 43, 0 %
2026/05/26 13:43:59.129, [N/A], 43, 0 %
2026/05/26 13:44:00.130, [N/A], 43, 0 %
2026/05/26 13:44:01.130, [N/A], 43, 0 %
2026/05/26 13:44:02.131, [N/A], 43, 0 %
2026/05/26 13:44:03.131, [N/A], 43, 0 %
2026/05/26 13:44:04.131, [N/A], 43, 0 %
2026/05/26 13:44:05.132, [N/A], 43, 0 %
2026/05/26 13:44:06.132, [N/A], 43, 0 %
2026/05/26 13:44:07.132, [N/A], 43, 0 %
2026/05/26 13:44:08.132, [N/A], 43, 0 %
2026/05/26 13:44:09.133, [N/A], 43, 0 %
2026/05/26 13:44:10.133, [N/A], 44, 0 %
2026/05/26 13:44:11.134, [N/A], 44, 0 %
2026/05/26 13:44:12.134, [N/A], 44, 0 %
2026/05/26 13:44:13.135, [N/A], 44, 0 %
2026/05/26 13:44:14.135, [N/A], 44, 0 %
2026/05/26 13:44:15.135, [N/A], 44, 0 %
2026/05/26 13:44:16.136, [N/A], 44, 0 %
2026/05/26 13:44:17.136, [N/A], 44, 0 %
2026/05/26 13:44:18.136, [N/A], 44, 0 %
2026/05/26 13:44:19.137, [N/A], 44, 0 %
2026/05/26 13:44:20.137, [N/A], 44, 0 %
2026/05/26 13:44:21.138, [N/A], 44, 0 %
2026/05/26 13:44:22.139, [N/A], 44, 0 %
2026/05/26 13:44:23.139, [N/A], 44, 0 %
2026/05/26 13:44:24.140, [N/A], 44, 0 %
2026/05/26 13:44:25.140, [N/A], 44, 0 %
2026/05/26 13:44:26.140, [N/A], 44, 0 %
2026/05/26 13:44:27.141, [N/A], 44, 0 %
2026/05/26 13:44:28.141, [N/A], 44, 0 %
2026/05/26 13:44:29.142, [N/A], 44, 0 %
2026/05/26 13:44:30.142, [N/A], 44, 0 %
2026/05/26 13:44:31.143, [N/A], 44, 0 %
2026/05/26 13:44:32.143, [N/A], 44, 0 %
2026/05/26 13:44:33.143, [N/A], 44, 0 %
2026/05/26 13:44:34.144, [N/A], 44, 0 %
2026/05/26 13:44:35.144, [N/A], 44, 0 %
2026/05/26 13:44:36.144, [N/A], 44, 0 %
2026/05/26 13:44:37.145, [N/A], 44, 0 %
2026/05/26 13:44:38.145, [N/A], 44, 0 %
2026/05/26 13:44:39.145, [N/A], 45, 0 %
2026/05/26 13:44:40.145, [N/A], 45, 0 %
2026/05/26 13:44:41.146, [N/A], 45, 0 %
2026/05/26 13:44:42.146, [N/A], 45, 0 %
2026/05/26 13:44:43.146, [N/A], 45, 0 %
2026/05/26 13:44:44.147, [N/A], 45, 0 %
2026/05/26 13:44:45.147, [N/A], 45, 0 %
2026/05/26 13:44:46.148, [N/A], 45, 0 %
2026/05/26 13:44:47.148, [N/A], 45, 0 %
2026/05/26 13:44:48.148, [N/A], 45, 0 %
2026/05/26 13:44:49.149, [N/A], 45, 0 %
2026/05/26 13:44:50.150, [N/A], 45, 0 %
2026/05/26 13:44:51.150, [N/A], 45, 0 %
2026/05/26 13:44:52.150, [N/A], 45, 0 %
2026/05/26 13:44:53.151, [N/A], 45, 0 %
2026/05/26 13:44:54.151, [N/A], 45, 0 %
2026/05/26 13:44:55.151, [N/A], 45, 0 %
2026/05/26 13:44:56.152, [N/A], 45, 0 %
2026/05/26 13:44:57.152, [N/A], 45, 0 %
2026/05/26 13:44:58.152, [N/A], 45, 0 %
2026/05/26 13:44:59.153, [N/A], 45, 0 %
2026/05/26 13:45:00.153, [N/A], 45, 0 %
2026/05/26 13:45:01.153, [N/A], 45, 0 %
2026/05/26 13:45:02.153, [N/A], 45, 0 %
2026/05/26 13:45:03.154, [N/A], 45, 0 %
2026/05/26 13:45:04.154, [N/A], 45, 0 %
2026/05/26 13:45:05.154, [N/A], 45, 0 %
2026/05/26 13:45:06.154, [N/A], 45, 0 %
2026/05/26 13:45:07.155, [N/A], 45, 0 %
2026/05/26 13:45:08.155, [N/A], 45, 0 %
2026/05/26 13:45:09.156, [N/A], 45, 0 %
2026/05/26 13:45:10.156, [N/A], 45, 0 %
2026/05/26 13:45:11.157, [N/A], 45, 0 %
2026/05/26 13:45:12.157, [N/A], 45, 0 %
2026/05/26 13:45:13.157, [N/A], 45, 0 %
2026/05/26 13:45:14.158, [N/A], 45, 0 %
2026/05/26 13:45:15.158, [N/A], 45, 0 %
2026/05/26 13:45:16.158, [N/A], 45, 0 %
2026/05/26 13:45:17.159, [N/A], 45, 0 %
2026/05/26 13:45:18.160, [N/A], 45, 0 %
2026/05/26 13:45:19.160, [N/A], 45, 0 %
2026/05/26 13:45:20.160, [N/A], 45, 0 %
2026/05/26 13:45:21.160, [N/A], 45, 0 %
2026/05/26 13:45:22.161, [N/A], 45, 0 %
2026/05/26 13:45:23.161, [N/A], 45, 0 %
2026/05/26 13:45:24.161, [N/A], 46, 0 %
2026/05/26 13:45:25.161, [N/A], 46, 0 %
2026/05/26 13:45:26.162, [N/A], 46, 0 %
2026/05/26 13:45:27.162, [N/A], 46, 0 %
2026/05/26 13:45:28.162, [N/A], 46, 0 %
2026/05/26 13:45:29.162, [N/A], 46, 0 %
2026/05/26 13:45:30.163, [N/A], 46, 0 %
2026/05/26 13:45:31.163, [N/A], 46, 0 %
2026/05/26 13:45:32.163, [N/A], 46, 0 %
2026/05/26 13:45:33.163, [N/A], 46, 0 %
2026/05/26 13:45:34.164, [N/A], 46, 0 %
2026/05/26 13:45:35.164, [N/A], 46, 0 %
2026/05/26 13:45:36.164, [N/A], 46, 0 %
2026/05/26 13:45:37.165, [N/A], 46, 0 %
2026/05/26 13:45:38.165, [N/A], 46, 0 %
2026/05/26 13:45:39.165, [N/A], 46, 0 %
2026/05/26 13:45:40.166, [N/A], 46, 0 %
2026/05/26 13:45:41.166, [N/A], 46, 0 %
2026/05/26 13:45:42.166, [N/A], 46, 0 %
2026/05/26 13:45:43.167, [N/A], 46, 0 %
2026/05/26 13:45:44.167, [N/A], 46, 0 %
2026/05/26 13:45:45.167, [N/A], 46, 0 %
2026/05/26 13:45:46.167, [N/A], 46, 0 %
2026/05/26 13:45:47.168, [N/A], 46, 0 %
2026/05/26 13:45:48.168, [N/A], 46, 0 %
2026/05/26 13:45:49.168, [N/A], 46, 0 %
2026/05/26 13:45:50.169, [N/A], 46, 0 %
2026/05/26 13:45:51.169, [N/A], 46, 0 %
2026/05/26 13:45:52.169, [N/A], 46, 0 %
2026/05/26 13:45:53.170, [N/A], 46, 0 %
2026/05/26 13:45:54.170, [N/A], 46, 0 %
2026/05/26 13:45:55.170, [N/A], 46, 0 %
2026/05/26 13:45:56.171, [N/A], 46, 0 %
2026/05/26 13:45:57.171, [N/A], 46, 0 %
2026/05/26 13:45:58.172, [N/A], 46, 0 %
2026/05/26 13:45:59.172, [N/A], 46, 0 %
2026/05/26 13:46:00.172, [N/A], 46, 0 %
2026/05/26 13:46:01.172, [N/A], 46, 0 %
2026/05/26 13:46:02.173, [N/A], 46, 0 %
2026/05/26 13:46:03.174, [N/A], 46, 0 %
2026/05/26 13:46:04.174, [N/A], 46, 0 %
2026/05/26 13:46:05.174, [N/A], 46, 0 %
2026/05/26 13:46:06.175, [N/A], 46, 0 %
2026/05/26 13:46:07.175, [N/A], 46, 0 %
2026/05/26 13:46:08.175, [N/A], 46, 0 %
2026/05/26 13:46:09.176, [N/A], 46, 0 %
2026/05/26 13:46:10.176, [N/A], 46, 0 %
2026/05/26 13:46:11.176, [N/A], 46, 0 %
2026/05/26 13:46:12.177, [N/A], 46, 0 %
2026/05/26 13:46:13.177, [N/A], 46, 0 %
2026/05/26 13:46:14.177, [N/A], 46, 0 %
2026/05/26 13:46:15.178, [N/A], 46, 0 %
2026/05/26 13:46:16.178, [N/A], 46, 0 %
2026/05/26 13:46:17.179, [N/A], 46, 0 %
2026/05/26 13:46:18.179, [N/A], 46, 0 %
2026/05/26 13:46:19.179, [N/A], 46, 0 %
2026/05/26 13:46:20.180, [N/A], 46, 0 %
2026/05/26 13:46:21.181, [N/A], 46, 0 %
2026/05/26 13:46:22.181, [N/A], 46, 0 %
2026/05/26 13:46:23.181, [N/A], 46, 0 %
2026/05/26 13:46:24.181, [N/A], 46, 0 %
2026/05/26 13:46:25.182, [N/A], 46, 0 %
2026/05/26 13:46:26.182, [N/A], 46, 0 %
2026/05/26 13:46:27.183, [N/A], 46, 0 %
2026/05/26 13:46:28.183, [N/A], 46, 0 %
2026/05/26 13:46:29.184, [N/A], 46, 0 %
2026/05/26 13:46:30.184, [N/A], 46, 0 %
2026/05/26 13:46:31.185, [N/A], 46, 0 %
2026/05/26 13:46:32.185, [N/A], 46, 0 %
2026/05/26 13:46:33.186, [N/A], 46, 0 %
2026/05/26 13:46:34.186, [N/A], 46, 0 %
2026/05/26 13:46:35.186, [N/A], 46, 0 %
2026/05/26 13:46:36.187, [N/A], 46, 0 %
2026/05/26 13:46:37.187, [N/A], 45, 0 %
2026/05/26 13:46:38.188, [N/A], 45, 0 %
2026/05/26 13:46:39.188, [N/A], 45, 0 %
2026/05/26 13:46:40.189, [N/A], 45, 0 %
2026/05/26 13:46:41.190, [N/A], 45, 0 %
2026/05/26 13:46:42.191, [N/A], 45, 0 %
2026/05/26 13:46:43.191, [N/A], 45, 0 %
2026/05/26 13:46:44.191, [N/A], 45, 0 %
2026/05/26 13:46:45.191, [N/A], 44, 0 %
2026/05/26 13:46:46.192, [N/A], 44, 0 %
2026/05/26 13:46:47.192, [N/A], 44, 0 %
2026/05/26 13:46:48.195, [N/A], 44, 0 %
2026/05/26 13:46:49.195, [N/A], 44, 0 %
2026/05/26 13:46:50.196, [N/A], 44, 0 %
2026/05/26 13:46:51.197, [N/A], 44, 0 %
2026/05/26 13:46:52.197, [N/A], 44, 0 %
2026/05/26 13:46:53.197, [N/A], 44, 0 %
2026/05/26 13:46:54.197, [N/A], 44, 0 %
2026/05/26 13:46:55.198, [N/A], 44, 0 %
2026/05/26 13:46:56.199, [N/A], 44, 0 %
2026/05/26 13:46:57.200, [N/A], 43, 0 %
2026/05/26 13:46:58.200, [N/A], 43, 0 %
2026/05/26 13:46:59.201, [N/A], 43, 0 %
2026/05/26 13:47:00.202, [N/A], 43, 0 %
2026/05/26 13:47:01.202, [N/A], 43, 0 %
2026/05/26 13:47:02.203, [N/A], 43, 0 %
2026/05/26 13:47:03.206, [N/A], 44, 1 %
2026/05/26 13:47:04.206, [N/A], 44, 0 %
2026/05/26 13:47:05.207, [N/A], 44, 0 %
2026/05/26 13:47:06.207, [N/A], 44, 0 %
2026/05/26 13:47:07.207, [N/A], 44, 0 %
2026/05/26 13:47:08.208, [N/A], 44, 0 %
2026/05/26 13:47:09.208, [N/A], 44, 0 %
2026/05/26 13:47:10.208, [N/A], 44, 0 %
2026/05/26 13:47:11.209, [N/A], 44, 0 %
2026/05/26 13:47:12.209, [N/A], 44, 0 %
2026/05/26 13:47:13.209, [N/A], 44, 0 %
2026/05/26 13:47:14.210, [N/A], 44, 0 %
2026/05/26 13:47:15.210, [N/A], 44, 0 %
2026/05/26 13:47:16.211, [N/A], 48, 25 %
2026/05/26 13:47:17.211, [N/A], 50, 71 %
2026/05/26 13:47:18.211, [N/A], 50, 95 %
2026/05/26 13:47:19.212, [N/A], 46, 95 %
2026/05/26 13:47:20.212, [N/A], 46, 0 %
2026/05/26 13:47:21.213, [N/A], 46, 0 %
2026/05/26 13:47:22.213, [N/A], 46, 0 %
2026/05/26 13:47:23.213, [N/A], 46, 0 %
2026/05/26 13:47:24.213, [N/A], 46, 0 %
2026/05/26 13:47:25.214, [N/A], 46, 0 %
2026/05/26 13:47:26.214, [N/A], 46, 0 %
2026/05/26 13:47:27.214, [N/A], 46, 0 %
2026/05/26 13:47:28.215, [N/A], 46, 0 %
2026/05/26 13:47:29.215, [N/A], 46, 0 %
2026/05/26 13:47:30.216, [N/A], 46, 0 %
2026/05/26 13:47:31.216, [N/A], 46, 0 %
2026/05/26 13:47:32.217, [N/A], 46, 0 %
2026/05/26 13:47:33.217, [N/A], 46, 0 %
2026/05/26 13:47:34.217, [N/A], 46, 0 %
2026/05/26 13:47:35.218, [N/A], 46, 0 %
2026/05/26 13:47:36.219, [N/A], 46, 0 %
2026/05/26 13:47:37.219, [N/A], 46, 0 %
2026/05/26 13:47:38.219, [N/A], 46, 0 %
2026/05/26 13:47:39.219, [N/A], 46, 0 %
2026/05/26 13:47:40.220, [N/A], 46, 0 %
2026/05/26 13:47:41.220, [N/A], 46, 0 %
2026/05/26 13:47:42.221, [N/A], 46, 0 %
2026/05/26 13:47:43.221, [N/A], 46, 0 %
2026/05/26 13:47:44.222, [N/A], 46, 0 %
2026/05/26 13:47:45.222, [N/A], 46, 0 %
2026/05/26 13:47:46.222, [N/A], 46, 0 %
2026/05/26 13:47:47.222, [N/A], 46, 0 %
2026/05/26 13:47:48.222, [N/A], 46, 0 %
2026/05/26 13:47:49.223, [N/A], 46, 0 %
2026/05/26 13:47:50.223, [N/A], 46, 0 %
2026/05/26 13:47:51.224, [N/A], 46, 0 %
2026/05/26 13:47:52.224, [N/A], 46, 0 %
2026/05/26 13:47:53.224, [N/A], 46, 0 %
2026/05/26 13:47:54.224, [N/A], 46, 0 %
2026/05/26 13:47:55.224, [N/A], 46, 0 %
2026/05/26 13:47:56.225, [N/A], 46, 0 %
2026/05/26 13:47:57.225, [N/A], 46, 0 %
2026/05/26 13:47:58.225, [N/A], 46, 0 %
2026/05/26 13:47:59.226, [N/A], 46, 0 %
2026/05/26 13:48:00.226, [N/A], 46, 0 %
2026/05/26 13:48:01.227, [N/A], 46, 0 %
2026/05/26 13:48:02.227, [N/A], 46, 0 %
2026/05/26 13:48:03.227, [N/A], 46, 0 %
2026/05/26 13:48:04.228, [N/A], 46, 0 %
2026/05/26 13:48:05.228, [N/A], 47, 0 %
2026/05/26 13:48:06.228, [N/A], 47, 0 %
2026/05/26 13:48:07.228, [N/A], 47, 0 %
2026/05/26 13:48:08.229, [N/A], 47, 0 %
2026/05/26 13:48:09.229, [N/A], 47, 0 %
2026/05/26 13:48:10.229, [N/A], 47, 0 %
2026/05/26 13:48:11.230, [N/A], 47, 0 %
2026/05/26 13:48:12.230, [N/A], 47, 0 %
2026/05/26 13:48:13.231, [N/A], 47, 0 %
2026/05/26 13:48:14.231, [N/A], 47, 0 %
2026/05/26 13:48:15.231, [N/A], 47, 0 %
2026/05/26 13:48:16.231, [N/A], 47, 0 %
2026/05/26 13:48:17.231, [N/A], 47, 0 %
2026/05/26 13:48:18.232, [N/A], 47, 0 %
2026/05/26 13:48:19.232, [N/A], 47, 0 %
2026/05/26 13:48:20.232, [N/A], 47, 0 %
2026/05/26 13:48:21.233, [N/A], 47, 0 %
2026/05/26 13:48:22.233, [N/A], 47, 0 %
2026/05/26 13:48:23.234, [N/A], 47, 0 %
2026/05/26 13:48:24.234, [N/A], 47, 0 %
2026/05/26 13:48:25.235, [N/A], 47, 0 %
2026/05/26 13:48:26.235, [N/A], 47, 0 %
2026/05/26 13:48:27.235, [N/A], 47, 0 %
2026/05/26 13:48:28.235, [N/A], 47, 0 %
2026/05/26 13:48:29.236, [N/A], 47, 0 %
2026/05/26 13:48:30.236, [N/A], 47, 0 %
2026/05/26 13:48:31.236, [N/A], 47, 0 %
2026/05/26 13:48:32.237, [N/A], 47, 0 %
2026/05/26 13:48:33.237, [N/A], 47, 0 %
2026/05/26 13:48:34.237, [N/A], 47, 0 %
2026/05/26 13:48:35.238, [N/A], 47, 0 %
2026/05/26 13:48:36.238, [N/A], 47, 0 %
2026/05/26 13:48:37.239, [N/A], 47, 0 %
2026/05/26 13:48:38.239, [N/A], 47, 0 %
2026/05/26 13:48:39.240, [N/A], 47, 0 %
2026/05/26 13:48:40.240, [N/A], 47, 0 %
2026/05/26 13:48:41.241, [N/A], 47, 0 %
2026/05/26 13:48:42.241, [N/A], 47, 0 %
2026/05/26 13:48:43.241, [N/A], 47, 0 %
2026/05/26 13:48:44.242, [N/A], 47, 0 %
2026/05/26 13:48:45.242, [N/A], 47, 0 %
2026/05/26 13:48:46.242, [N/A], 47, 0 %
2026/05/26 13:48:47.243, [N/A], 47, 0 %
2026/05/26 13:48:48.244, [N/A], 47, 0 %
2026/05/26 13:48:49.244, [N/A], 47, 0 %
2026/05/26 13:48:50.244, [N/A], 47, 0 %
2026/05/26 13:48:51.245, [N/A], 47, 0 %
2026/05/26 13:48:52.245, [N/A], 47, 0 %
2026/05/26 13:48:53.245, [N/A], 47, 0 %
2026/05/26 13:48:54.246, [N/A], 47, 0 %
2026/05/26 13:48:55.246, [N/A], 47, 0 %
2026/05/26 13:48:56.247, [N/A], 47, 0 %
2026/05/26 13:48:57.247, [N/A], 47, 0 %
2026/05/26 13:48:58.247, [N/A], 47, 0 %
2026/05/26 13:48:59.248, [N/A], 47, 0 %
2026/05/26 13:49:00.248, [N/A], 47, 0 %
2026/05/26 13:49:01.249, [N/A], 47, 0 %
2026/05/26 13:49:02.249, [N/A], 47, 0 %
2026/05/26 13:49:03.249, [N/A], 47, 0 %
2026/05/26 13:49:04.249, [N/A], 47, 0 %
2026/05/26 13:49:05.250, [N/A], 47, 0 %
2026/05/26 13:49:06.250, [N/A], 47, 0 %
2026/05/26 13:49:07.250, [N/A], 47, 0 %
2026/05/26 13:49:08.250, [N/A], 47, 0 %
2026/05/26 13:49:09.251, [N/A], 47, 0 %
2026/05/26 13:49:10.251, [N/A], 47, 0 %
2026/05/26 13:49:11.251, [N/A], 47, 0 %
2026/05/26 13:49:12.252, [N/A], 47, 0 %
2026/05/26 13:49:13.252, [N/A], 47, 0 %
2026/05/26 13:49:14.252, [N/A], 47, 0 %
2026/05/26 13:49:15.253, [N/A], 47, 0 %
2026/05/26 13:49:16.253, [N/A], 47, 0 %
2026/05/26 13:49:17.253, [N/A], 47, 0 %
2026/05/26 13:49:18.254, [N/A], 47, 0 %
2026/05/26 13:49:19.254, [N/A], 47, 0 %
2026/05/26 13:49:20.254, [N/A], 47, 0 %
2026/05/26 13:49:21.254, [N/A], 47, 0 %
2026/05/26 13:49:22.254, [N/A], 47, 0 %
2026/05/26 13:49:23.255, [N/A], 47, 0 %
2026/05/26 13:49:24.255, [N/A], 47, 0 %
2026/05/26 13:49:25.255, [N/A], 47, 0 %
2026/05/26 13:49:26.256, [N/A], 47, 0 %
2026/05/26 13:49:27.256, [N/A], 47, 0 %
2026/05/26 13:49:28.256, [N/A], 47, 0 %
2026/05/26 13:49:29.257, [N/A], 47, 0 %
2026/05/26 13:49:30.257, [N/A], 47, 0 %
2026/05/26 13:49:31.257, [N/A], 47, 0 %
2026/05/26 13:49:32.257, [N/A], 47, 0 %
2026/05/26 13:49:33.258, [N/A], 47, 0 %
2026/05/26 13:49:34.258, [N/A], 47, 0 %
2026/05/26 13:49:35.258, [N/A], 47, 0 %
2026/05/26 13:49:36.258, [N/A], 47, 0 %
2026/05/26 13:49:37.259, [N/A], 47, 0 %
2026/05/26 13:49:38.259, [N/A], 47, 0 %
2026/05/26 13:49:39.259, [N/A], 47, 0 %
2026/05/26 13:49:40.260, [N/A], 47, 0 %
2026/05/26 13:49:41.260, [N/A], 47, 0 %
2026/05/26 13:49:42.260, [N/A], 48, 0 %
2026/05/26 13:49:43.261, [N/A], 47, 0 %
2026/05/26 13:49:44.261, [N/A], 48, 0 %
2026/05/26 13:49:45.261, [N/A], 48, 0 %
2026/05/26 13:49:46.261, [N/A], 48, 0 %
2026/05/26 13:49:47.262, [N/A], 47, 0 %
2026/05/26 13:49:48.262, [N/A], 48, 0 %
2026/05/26 13:49:49.262, [N/A], 48, 0 %
2026/05/26 13:49:50.262, [N/A], 48, 0 %
2026/05/26 13:49:51.263, [N/A], 48, 0 %
2026/05/26 13:49:52.263, [N/A], 48, 0 %
2026/05/26 13:49:53.263, [N/A], 48, 0 %
2026/05/26 13:49:54.264, [N/A], 48, 0 %
2026/05/26 13:49:55.264, [N/A], 48, 0 %
2026/05/26 13:49:56.264, [N/A], 48, 0 %
2026/05/26 13:49:57.265, [N/A], 48, 0 %
2026/05/26 13:49:58.265, [N/A], 48, 0 %
2026/05/26 13:49:59.266, [N/A], 48, 0 %
2026/05/26 13:50:00.266, [N/A], 48, 0 %
2026/05/26 13:50:01.266, [N/A], 48, 0 %
2026/05/26 13:50:02.267, [N/A], 48, 0 %
2026/05/26 13:50:03.267, [N/A], 48, 7 %
2026/05/26 13:50:04.268, [N/A], 47, 0 %
2026/05/26 13:50:05.268, [N/A], 46, 0 %
2026/05/26 13:50:06.269, [N/A], 46, 0 %
2026/05/26 13:50:07.270, [N/A], 46, 0 %
2026/05/26 13:50:08.271, [N/A], 46, 0 %
2026/05/26 13:50:09.271, [N/A], 46, 0 %
2026/05/26 13:50:10.272, [N/A], 46, 0 %
2026/05/26 13:50:11.273, [N/A], 46, 0 %
2026/05/26 13:50:12.273, [N/A], 46, 0 %
2026/05/26 13:50:13.273, [N/A], 46, 0 %
2026/05/26 13:50:14.274, [N/A], 45, 0 %
2026/05/26 13:50:15.275, [N/A], 45, 0 %
2026/05/26 13:50:16.276, [N/A], 45, 0 %
2026/05/26 13:50:17.277, [N/A], 45, 0 %
2026/05/26 13:50:18.277, [N/A], 45, 0 %
2026/05/26 13:50:19.278, [N/A], 45, 0 %
2026/05/26 13:50:20.278, [N/A], 45, 0 %
2026/05/26 13:50:21.278, [N/A], 45, 0 %
2026/05/26 13:50:22.279, [N/A], 45, 0 %
2026/05/26 13:50:23.280, [N/A], 45, 0 %
2026/05/26 13:50:24.280, [N/A], 45, 0 %
2026/05/26 13:50:25.280, [N/A], 45, 0 %
2026/05/26 13:50:26.281, [N/A], 45, 0 %
2026/05/26 13:50:27.281, [N/A], 44, 0 %
2026/05/26 13:50:28.282, [N/A], 44, 0 %
2026/05/26 13:50:29.283, [N/A], 44, 0 %
2026/05/26 13:50:30.283, [N/A], 44, 0 %
2026/05/26 13:50:31.283, [N/A], 45, 0 %
2026/05/26 13:50:32.284, [N/A], 45, 0 %
2026/05/26 13:50:33.285, [N/A], 45, 0 %
2026/05/26 13:50:34.285, [N/A], 45, 0 %
2026/05/26 13:50:35.286, [N/A], 45, 0 %
2026/05/26 13:50:36.286, [N/A], 45, 0 %
2026/05/26 13:50:37.286, [N/A], 45, 0 %
2026/05/26 13:50:38.287, [N/A], 45, 0 %
2026/05/26 13:50:39.287, [N/A], 45, 0 %
2026/05/26 13:50:40.288, [N/A], 45, 0 %
2026/05/26 13:50:41.288, [N/A], 45, 0 %
2026/05/26 13:50:42.288, [N/A], 45, 0 %
2026/05/26 13:50:43.289, [N/A], 45, 0 %
2026/05/26 13:50:44.289, [N/A], 49, 1 %
2026/05/26 13:50:45.289, [N/A], 51, 28 %
2026/05/26 13:50:46.290, [N/A], 51, 95 %
2026/05/26 13:50:47.290, [N/A], 47, 95 %
2026/05/26 13:50:48.291, [N/A], 47, 0 %
2026/05/26 13:50:49.291, [N/A], 47, 0 %
2026/05/26 13:50:50.292, [N/A], 47, 0 %
2026/05/26 13:50:51.292, [N/A], 47, 0 %
2026/05/26 13:50:52.292, [N/A], 47, 0 %
2026/05/26 13:50:53.292, [N/A], 47, 0 %
2026/05/26 13:50:54.293, [N/A], 47, 0 %
2026/05/26 13:50:55.293, [N/A], 47, 0 %
2026/05/26 13:50:56.294, [N/A], 47, 0 %
2026/05/26 13:50:57.294, [N/A], 47, 0 %
2026/05/26 13:50:58.294, [N/A], 47, 0 %
2026/05/26 13:50:59.295, [N/A], 47, 0 %
2026/05/26 13:51:00.295, [N/A], 47, 0 %
2026/05/26 13:51:01.296, [N/A], 47, 0 %
2026/05/26 13:51:02.296, [N/A], 47, 0 %
2026/05/26 13:51:03.296, [N/A], 47, 0 %
2026/05/26 13:51:04.296, [N/A], 47, 0 %
2026/05/26 13:51:05.297, [N/A], 47, 0 %
2026/05/26 13:51:06.297, [N/A], 47, 0 %
2026/05/26 13:51:07.298, [N/A], 47, 0 %
2026/05/26 13:51:08.298, [N/A], 47, 0 %
2026/05/26 13:51:09.299, [N/A], 47, 0 %
2026/05/26 13:51:10.299, [N/A], 47, 0 %
2026/05/26 13:51:11.299, [N/A], 47, 0 %
2026/05/26 13:51:12.300, [N/A], 47, 0 %
2026/05/26 13:51:13.300, [N/A], 47, 0 %
2026/05/26 13:51:14.301, [N/A], 47, 0 %
2026/05/26 13:51:15.301, [N/A], 47, 0 %
2026/05/26 13:51:16.301, [N/A], 47, 0 %
2026/05/26 13:51:17.302, [N/A], 47, 0 %
2026/05/26 13:51:18.302, [N/A], 47, 0 %
2026/05/26 13:51:19.303, [N/A], 47, 0 %
2026/05/26 13:51:20.303, [N/A], 47, 0 %
2026/05/26 13:51:21.304, [N/A], 47, 0 %
2026/05/26 13:51:22.304, [N/A], 47, 0 %
2026/05/26 13:51:23.304, [N/A], 47, 0 %
2026/05/26 13:51:24.305, [N/A], 47, 0 %
2026/05/26 13:51:25.305, [N/A], 47, 0 %
2026/05/26 13:51:26.305, [N/A], 47, 0 %
2026/05/26 13:51:27.306, [N/A], 47, 0 %
2026/05/26 13:51:28.306, [N/A], 47, 0 %
2026/05/26 13:51:29.306, [N/A], 47, 0 %
2026/05/26 13:51:30.307, [N/A], 47, 0 %
2026/05/26 13:51:31.307, [N/A], 47, 0 %
2026/05/26 13:51:32.307, [N/A], 47, 0 %
2026/05/26 13:51:33.308, [N/A], 47, 0 %
2026/05/26 13:51:34.308, [N/A], 48, 0 %
2026/05/26 13:51:35.308, [N/A], 47, 0 %
2026/05/26 13:51:36.309, [N/A], 48, 0 %
2026/05/26 13:51:37.309, [N/A], 48, 0 %
2026/05/26 13:51:38.309, [N/A], 48, 0 %
2026/05/26 13:51:39.310, [N/A], 48, 0 %
2026/05/26 13:51:40.310, [N/A], 48, 0 %
2026/05/26 13:51:41.311, [N/A], 48, 0 %
2026/05/26 13:51:42.311, [N/A], 48, 0 %
2026/05/26 13:51:43.311, [N/A], 48, 0 %
2026/05/26 13:51:44.312, [N/A], 48, 0 %
2026/05/26 13:51:45.312, [N/A], 48, 0 %
2026/05/26 13:51:46.312, [N/A], 48, 0 %
2026/05/26 13:51:47.313, [N/A], 48, 0 %
2026/05/26 13:51:48.313, [N/A], 48, 0 %
2026/05/26 13:51:49.314, [N/A], 48, 0 %
2026/05/26 13:51:50.314, [N/A], 48, 0 %
2026/05/26 13:51:51.314, [N/A], 48, 0 %
2026/05/26 13:51:52.315, [N/A], 48, 0 %
2026/05/26 13:51:53.315, [N/A], 48, 0 %
2026/05/26 13:51:54.316, [N/A], 48, 0 %
2026/05/26 13:51:55.316, [N/A], 48, 0 %
2026/05/26 13:51:56.316, [N/A], 48, 0 %
2026/05/26 13:51:57.317, [N/A], 48, 0 %
2026/05/26 13:51:58.317, [N/A], 48, 0 %
2026/05/26 13:51:59.317, [N/A], 48, 0 %
2026/05/26 13:52:00.317, [N/A], 48, 0 %
2026/05/26 13:52:01.318, [N/A], 48, 0 %
2026/05/26 13:52:02.318, [N/A], 48, 0 %
2026/05/26 13:52:03.319, [N/A], 48, 0 %
2026/05/26 13:52:04.319, [N/A], 48, 0 %
2026/05/26 13:52:05.319, [N/A], 48, 0 %
2026/05/26 13:52:06.320, [N/A], 48, 0 %
2026/05/26 13:52:07.320, [N/A], 48, 0 %
2026/05/26 13:52:08.320, [N/A], 48, 0 %
2026/05/26 13:52:09.321, [N/A], 48, 0 %
2026/05/26 13:52:10.321, [N/A], 48, 0 %
2026/05/26 13:52:11.321, [N/A], 48, 0 %
2026/05/26 13:52:12.321, [N/A], 48, 0 %
2026/05/26 13:52:13.322, [N/A], 48, 0 %
2026/05/26 13:52:14.322, [N/A], 48, 0 %
2026/05/26 13:52:15.322, [N/A], 48, 0 %
2026/05/26 13:52:16.322, [N/A], 48, 0 %
2026/05/26 13:52:17.323, [N/A], 48, 0 %
2026/05/26 13:52:18.323, [N/A], 48, 0 %
2026/05/26 13:52:19.323, [N/A], 48, 0 %
2026/05/26 13:52:20.324, [N/A], 48, 0 %
2026/05/26 13:52:21.324, [N/A], 48, 0 %
2026/05/26 13:52:22.324, [N/A], 48, 0 %
2026/05/26 13:52:23.325, [N/A], 48, 0 %
2026/05/26 13:52:24.325, [N/A], 48, 0 %
2026/05/26 13:52:25.325, [N/A], 48, 0 %
2026/05/26 13:52:26.326, [N/A], 48, 0 %
2026/05/26 13:52:27.326, [N/A], 48, 0 %
2026/05/26 13:52:28.326, [N/A], 48, 0 %
2026/05/26 13:52:29.326, [N/A], 48, 0 %
2026/05/26 13:52:30.327, [N/A], 48, 0 %
2026/05/26 13:52:31.327, [N/A], 48, 0 %
2026/05/26 13:52:32.328, [N/A], 48, 0 %
2026/05/26 13:52:33.328, [N/A], 48, 0 %
2026/05/26 13:52:34.329, [N/A], 48, 0 %
2026/05/26 13:52:35.329, [N/A], 48, 0 %
2026/05/26 13:52:36.329, [N/A], 48, 0 %
2026/05/26 13:52:37.329, [N/A], 48, 0 %
2026/05/26 13:52:38.330, [N/A], 48, 0 %
2026/05/26 13:52:39.330, [N/A], 48, 0 %
2026/05/26 13:52:40.331, [N/A], 48, 0 %
2026/05/26 13:52:41.331, [N/A], 48, 0 %
2026/05/26 13:52:42.331, [N/A], 48, 0 %
2026/05/26 13:52:43.332, [N/A], 48, 0 %
2026/05/26 13:52:44.332, [N/A], 48, 0 %
2026/05/26 13:52:45.332, [N/A], 48, 0 %
2026/05/26 13:52:46.332, [N/A], 48, 0 %
2026/05/26 13:52:47.333, [N/A], 48, 0 %
2026/05/26 13:52:48.333, [N/A], 48, 0 %
2026/05/26 13:52:49.333, [N/A], 48, 0 %
2026/05/26 13:52:50.334, [N/A], 48, 0 %
2026/05/26 13:52:51.335, [N/A], 48, 0 %
2026/05/26 13:52:52.335, [N/A], 48, 0 %
2026/05/26 13:52:53.336, [N/A], 48, 0 %
2026/05/26 13:52:54.336, [N/A], 48, 0 %
2026/05/26 13:52:55.336, [N/A], 48, 0 %
2026/05/26 13:52:56.337, [N/A], 48, 0 %
2026/05/26 13:52:57.337, [N/A], 48, 0 %
2026/05/26 13:52:58.338, [N/A], 48, 0 %
2026/05/26 13:52:59.338, [N/A], 48, 0 %
2026/05/26 13:53:00.338, [N/A], 48, 0 %
2026/05/26 13:53:01.338, [N/A], 48, 0 %
2026/05/26 13:53:02.339, [N/A], 48, 0 %
2026/05/26 13:53:03.339, [N/A], 48, 0 %
2026/05/26 13:53:04.339, [N/A], 48, 0 %
2026/05/26 13:53:05.339, [N/A], 48, 0 %
2026/05/26 13:53:06.340, [N/A], 48, 0 %
2026/05/26 13:53:07.340, [N/A], 48, 0 %
2026/05/26 13:53:08.341, [N/A], 48, 0 %
2026/05/26 13:53:09.341, [N/A], 48, 0 %
2026/05/26 13:53:10.341, [N/A], 48, 0 %
2026/05/26 13:53:11.342, [N/A], 48, 0 %
2026/05/26 13:53:12.342, [N/A], 48, 0 %
2026/05/26 13:53:13.342, [N/A], 48, 0 %
2026/05/26 13:53:14.343, [N/A], 48, 0 %
2026/05/26 13:53:15.343, [N/A], 48, 0 %
2026/05/26 13:53:16.343, [N/A], 48, 0 %
2026/05/26 13:53:17.344, [N/A], 48, 0 %
2026/05/26 13:53:18.344, [N/A], 48, 0 %
2026/05/26 13:53:19.344, [N/A], 48, 0 %
2026/05/26 13:53:20.345, [N/A], 48, 0 %
2026/05/26 13:53:21.345, [N/A], 48, 0 %
2026/05/26 13:53:22.345, [N/A], 48, 0 %
2026/05/26 13:53:23.346, [N/A], 48, 0 %
2026/05/26 13:53:24.346, [N/A], 48, 0 %
2026/05/26 13:53:25.347, [N/A], 48, 0 %
2026/05/26 13:53:26.347, [N/A], 48, 0 %
2026/05/26 13:53:27.347, [N/A], 48, 0 %
2026/05/26 13:53:28.348, [N/A], 48, 0 %
2026/05/26 13:53:29.348, [N/A], 48, 0 %
2026/05/26 13:53:30.348, [N/A], 48, 0 %
2026/05/26 13:53:31.350, [N/A], 48, 0 %
2026/05/26 13:53:32.350, [N/A], 48, 0 %
2026/05/26 13:53:33.351, [N/A], 47, 0 %
2026/05/26 13:53:34.351, [N/A], 47, 0 %
2026/05/26 13:53:35.352, [N/A], 47, 0 %
2026/05/26 13:53:36.352, [N/A], 47, 0 %
2026/05/26 13:53:37.353, [N/A], 47, 0 %
2026/05/26 13:53:38.353, [N/A], 47, 0 %
2026/05/26 13:53:39.354, [N/A], 46, 0 %
2026/05/26 13:53:40.355, [N/A], 46, 0 %
2026/05/26 13:53:41.356, [N/A], 46, 0 %
2026/05/26 13:53:42.356, [N/A], 46, 0 %
2026/05/26 13:53:43.356, [N/A], 46, 0 %
2026/05/26 13:53:44.358, [N/A], 46, 0 %
2026/05/26 13:53:45.359, [N/A], 46, 0 %
2026/05/26 13:53:46.359, [N/A], 46, 0 %
2026/05/26 13:53:47.360, [N/A], 46, 0 %
2026/05/26 13:53:48.360, [N/A], 46, 0 %
2026/05/26 13:53:49.361, [N/A], 46, 0 %
2026/05/26 13:53:50.361, [N/A], 45, 0 %
2026/05/26 13:53:51.362, [N/A], 45, 0 %
2026/05/26 13:53:52.363, [N/A], 45, 0 %
2026/05/26 13:53:53.363, [N/A], 45, 0 %
2026/05/26 13:53:54.363, [N/A], 45, 0 %
2026/05/26 13:53:55.364, [N/A], 45, 0 %
2026/05/26 13:53:56.364, [N/A], 45, 0 %
2026/05/26 13:53:57.365, [N/A], 45, 0 %
2026/05/26 13:53:58.366, [N/A], 45, 0 %
2026/05/26 13:53:59.366, [N/A], 45, 0 %
2026/05/26 13:54:00.366, [N/A], 46, 0 %
2026/05/26 13:54:01.366, [N/A], 46, 0 %
2026/05/26 13:54:02.367, [N/A], 46, 0 %
2026/05/26 13:54:03.367, [N/A], 46, 0 %
2026/05/26 13:54:04.367, [N/A], 46, 0 %
2026/05/26 13:54:05.368, [N/A], 46, 0 %
2026/05/26 13:54:06.368, [N/A], 46, 0 %
2026/05/26 13:54:07.368, [N/A], 46, 0 %
2026/05/26 13:54:08.368, [N/A], 46, 0 %
2026/05/26 13:54:09.369, [N/A], 46, 0 %
2026/05/26 13:54:10.369, [N/A], 46, 0 %
2026/05/26 13:54:11.370, [N/A], 46, 0 %
2026/05/26 13:54:12.942, [N/A], 46, 0 %
2026/05/26 13:54:13.943, [N/A], 47, 0 %
2026/05/26 13:54:14.943, [N/A], 59, 95 %
2026/05/26 13:54:15.944, [N/A], 60, 96 %
2026/05/26 13:54:16.944, [N/A], 61, 96 %
2026/05/26 13:54:17.944, [N/A], 62, 96 %
2026/05/26 13:54:18.944, [N/A], 63, 96 %
2026/05/26 13:54:19.945, [N/A], 54, 22 %
2026/05/26 13:54:20.945, [N/A], 51, 0 %
2026/05/26 13:54:21.946, [N/A], 51, 0 %
2026/05/26 13:54:22.946, [N/A], 51, 0 %
2026/05/26 13:54:23.946, [N/A], 50, 0 %
2026/05/26 13:54:24.946, [N/A], 50, 0 %
2026/05/26 13:54:25.947, [N/A], 50, 0 %
2026/05/26 13:54:26.947, [N/A], 50, 0 %
2026/05/26 13:54:27.947, [N/A], 50, 0 %
2026/05/26 13:54:28.948, [N/A], 50, 0 %
2026/05/26 13:54:29.948, [N/A], 50, 0 %
2026/05/26 13:54:30.949, [N/A], 50, 0 %
2026/05/26 13:54:31.949, [N/A], 50, 0 %
2026/05/26 13:54:32.950, [N/A], 50, 0 %
2026/05/26 13:54:33.950, [N/A], 50, 0 %
2026/05/26 13:54:34.950, [N/A], 50, 0 %
2026/05/26 13:54:35.951, [N/A], 49, 0 %
2026/05/26 13:54:36.951, [N/A], 50, 0 %
2026/05/26 13:54:37.951, [N/A], 49, 0 %
2026/05/26 13:54:38.952, [N/A], 49, 0 %
2026/05/26 13:54:39.952, [N/A], 49, 0 %
2026/05/26 13:54:40.952, [N/A], 49, 0 %
2026/05/26 13:54:41.953, [N/A], 49, 0 %
2026/05/26 13:54:42.953, [N/A], 49, 0 %
2026/05/26 13:54:43.953, [N/A], 49, 0 %
2026/05/26 13:54:44.954, [N/A], 49, 0 %
2026/05/26 13:54:45.954, [N/A], 49, 0 %
2026/05/26 13:54:46.955, [N/A], 49, 0 %
2026/05/26 13:54:47.955, [N/A], 49, 0 %
2026/05/26 13:54:48.955, [N/A], 49, 0 %
2026/05/26 13:54:49.956, [N/A], 49, 0 %
2026/05/26 13:54:50.956, [N/A], 49, 0 %
2026/05/26 13:54:51.957, [N/A], 49, 0 %
2026/05/26 13:54:52.957, [N/A], 49, 0 %
2026/05/26 13:54:53.957, [N/A], 49, 0 %
2026/05/26 13:54:54.958, [N/A], 49, 0 %
2026/05/26 13:54:55.958, [N/A], 49, 0 %
2026/05/26 13:54:56.958, [N/A], 49, 0 %
2026/05/26 13:54:57.959, [N/A], 49, 0 %
2026/05/26 13:54:58.959, [N/A], 49, 0 %
2026/05/26 13:54:59.959, [N/A], 49, 0 %
2026/05/26 13:55:00.960, [N/A], 49, 0 %
2026/05/26 13:55:01.960, [N/A], 49, 0 %
2026/05/26 13:55:02.961, [N/A], 49, 0 %
2026/05/26 13:55:03.961, [N/A], 49, 0 %
2026/05/26 13:55:04.961, [N/A], 49, 0 %
2026/05/26 13:55:05.962, [N/A], 49, 0 %
2026/05/26 13:55:06.962, [N/A], 49, 0 %
2026/05/26 13:55:07.962, [N/A], 49, 0 %
2026/05/26 13:55:08.963, [N/A], 49, 0 %
2026/05/26 13:55:09.963, [N/A], 49, 0 %
2026/05/26 13:55:10.963, [N/A], 49, 0 %
2026/05/26 13:55:11.964, [N/A], 49, 0 %
2026/05/26 13:55:12.964, [N/A], 49, 0 %
2026/05/26 13:55:13.964, [N/A], 49, 0 %
2026/05/26 13:55:14.964, [N/A], 49, 0 %
2026/05/26 13:55:15.965, [N/A], 49, 0 %
2026/05/26 13:55:16.965, [N/A], 49, 0 %
2026/05/26 13:55:17.965, [N/A], 49, 0 %
2026/05/26 13:55:18.965, [N/A], 49, 0 %
2026/05/26 13:55:19.966, [N/A], 49, 0 %
2026/05/26 13:55:20.966, [N/A], 49, 0 %
2026/05/26 13:55:21.966, [N/A], 49, 0 %
2026/05/26 13:55:22.967, [N/A], 49, 0 %
2026/05/26 13:55:23.967, [N/A], 49, 0 %
2026/05/26 13:55:24.967, [N/A], 49, 0 %
2026/05/26 13:55:25.968, [N/A], 49, 0 %
2026/05/26 13:55:26.968, [N/A], 49, 0 %
2026/05/26 13:55:27.968, [N/A], 49, 0 %
2026/05/26 13:55:28.968, [N/A], 49, 0 %
2026/05/26 13:55:29.969, [N/A], 49, 0 %
2026/05/26 13:55:30.969, [N/A], 49, 0 %
2026/05/26 13:55:31.969, [N/A], 49, 0 %
2026/05/26 13:55:32.969, [N/A], 49, 0 %
2026/05/26 13:55:33.970, [N/A], 49, 0 %
2026/05/26 13:55:34.970, [N/A], 49, 0 %
2026/05/26 13:55:35.970, [N/A], 49, 0 %
2026/05/26 13:55:36.970, [N/A], 49, 0 %
2026/05/26 13:55:37.971, [N/A], 49, 0 %
2026/05/26 13:55:38.971, [N/A], 49, 0 %
2026/05/26 13:55:39.971, [N/A], 49, 0 %
2026/05/26 13:55:40.972, [N/A], 49, 0 %
2026/05/26 13:55:41.972, [N/A], 49, 0 %
2026/05/26 13:55:42.973, [N/A], 49, 0 %
2026/05/26 13:55:43.973, [N/A], 49, 0 %
2026/05/26 13:55:44.973, [N/A], 49, 0 %
2026/05/26 13:55:45.974, [N/A], 49, 0 %
2026/05/26 13:55:46.974, [N/A], 49, 0 %
2026/05/26 13:55:47.974, [N/A], 49, 0 %
2026/05/26 13:55:48.975, [N/A], 49, 0 %
2026/05/26 13:55:49.975, [N/A], 49, 0 %
2026/05/26 13:55:50.975, [N/A], 49, 0 %
2026/05/26 13:55:51.975, [N/A], 49, 0 %
2026/05/26 13:55:52.976, [N/A], 49, 0 %
2026/05/26 13:55:53.976, [N/A], 49, 0 %
2026/05/26 13:55:54.976, [N/A], 49, 0 %
2026/05/26 13:55:55.976, [N/A], 49, 0 %
2026/05/26 13:55:56.976, [N/A], 49, 0 %
2026/05/26 13:55:57.977, [N/A], 49, 0 %
2026/05/26 13:55:58.977, [N/A], 49, 0 %
2026/05/26 13:55:59.977, [N/A], 49, 0 %
2026/05/26 13:56:00.977, [N/A], 49, 0 %
2026/05/26 13:56:01.978, [N/A], 49, 0 %
2026/05/26 13:56:02.978, [N/A], 49, 0 %
2026/05/26 13:56:03.979, [N/A], 49, 0 %
2026/05/26 13:56:04.979, [N/A], 49, 0 %
2026/05/26 13:56:05.979, [N/A], 49, 0 %
2026/05/26 13:56:06.980, [N/A], 49, 0 %
2026/05/26 13:56:07.980, [N/A], 49, 0 %
2026/05/26 13:56:08.980, [N/A], 49, 0 %
2026/05/26 13:56:09.981, [N/A], 49, 0 %
2026/05/26 13:56:10.981, [N/A], 49, 0 %
2026/05/26 13:56:11.981, [N/A], 49, 0 %
2026/05/26 13:56:12.982, [N/A], 49, 0 %
2026/05/26 13:56:13.982, [N/A], 49, 0 %
2026/05/26 13:56:14.982, [N/A], 49, 0 %
2026/05/26 13:56:15.983, [N/A], 49, 0 %
2026/05/26 13:56:16.983, [N/A], 49, 0 %
2026/05/26 13:56:17.983, [N/A], 49, 0 %
2026/05/26 13:56:18.984, [N/A], 49, 0 %
2026/05/26 13:56:19.985, [N/A], 49, 0 %
2026/05/26 13:56:20.985, [N/A], 49, 0 %
2026/05/26 13:56:21.985, [N/A], 49, 0 %
2026/05/26 13:56:22.986, [N/A], 49, 0 %
2026/05/26 13:56:23.986, [N/A], 49, 0 %
2026/05/26 13:56:24.986, [N/A], 49, 0 %
2026/05/26 13:56:25.986, [N/A], 49, 0 %
2026/05/26 13:56:26.987, [N/A], 49, 0 %
2026/05/26 13:56:27.987, [N/A], 49, 0 %
2026/05/26 13:56:28.988, [N/A], 49, 0 %
2026/05/26 13:56:29.988, [N/A], 49, 0 %
2026/05/26 13:56:30.988, [N/A], 49, 0 %
2026/05/26 13:56:31.988, [N/A], 49, 0 %
2026/05/26 13:56:32.989, [N/A], 49, 0 %
2026/05/26 13:56:33.989, [N/A], 49, 0 %
2026/05/26 13:56:34.989, [N/A], 49, 0 %
2026/05/26 13:56:35.990, [N/A], 49, 0 %
2026/05/26 13:56:36.990, [N/A], 49, 0 %
2026/05/26 13:56:37.990, [N/A], 49, 0 %
2026/05/26 13:56:38.991, [N/A], 49, 0 %
2026/05/26 13:56:39.991, [N/A], 49, 0 %
2026/05/26 13:56:40.992, [N/A], 49, 0 %
2026/05/26 13:56:41.992, [N/A], 49, 0 %
2026/05/26 13:56:42.992, [N/A], 49, 0 %
2026/05/26 13:56:43.992, [N/A], 49, 0 %
2026/05/26 13:56:44.993, [N/A], 49, 0 %
2026/05/26 13:56:45.993, [N/A], 49, 0 %
2026/05/26 13:56:46.993, [N/A], 49, 0 %
2026/05/26 13:56:47.994, [N/A], 49, 0 %
2026/05/26 13:56:48.994, [N/A], 49, 0 %
2026/05/26 13:56:49.994, [N/A], 49, 0 %
2026/05/26 13:56:50.994, [N/A], 49, 0 %
2026/05/26 13:56:51.995, [N/A], 49, 0 %
2026/05/26 13:56:52.995, [N/A], 49, 0 %
2026/05/26 13:56:53.995, [N/A], 49, 0 %
2026/05/26 13:56:54.995, [N/A], 49, 0 %
2026/05/26 13:56:55.996, [N/A], 49, 0 %
2026/05/26 13:56:56.996, [N/A], 49, 0 %
2026/05/26 13:56:57.996, [N/A], 49, 0 %
2026/05/26 13:56:58.996, [N/A], 49, 0 %
2026/05/26 13:56:59.996, [N/A], 49, 0 %
2026/05/26 13:57:00.997, [N/A], 49, 0 %
2026/05/26 13:57:01.998, [N/A], 48, 0 %
2026/05/26 13:57:02.999, [N/A], 48, 0 %
2026/05/26 13:57:04.000, [N/A], 48, 0 %
2026/05/26 13:57:05.000, [N/A], 48, 0 %
2026/05/26 13:57:06.001, [N/A], 48, 0 %
2026/05/26 13:57:07.001, [N/A], 47, 0 %
2026/05/26 13:57:08.001, [N/A], 47, 0 %
2026/05/26 13:57:09.002, [N/A], 47, 0 %
2026/05/26 13:57:10.002, [N/A], 47, 0 %
2026/05/26 13:57:11.002, [N/A], 47, 0 %
2026/05/26 13:57:12.003, [N/A], 47, 0 %
2026/05/26 13:57:13.003, [N/A], 47, 0 %
2026/05/26 13:57:14.004, [N/A], 47, 0 %
2026/05/26 13:57:15.004, [N/A], 47, 0 %
2026/05/26 13:57:16.005, [N/A], 46, 0 %
2026/05/26 13:57:17.005, [N/A], 46, 0 %
2026/05/26 13:57:18.005, [N/A], 46, 0 %
2026/05/26 13:57:19.006, [N/A], 46, 0 %
2026/05/26 13:57:20.006, [N/A], 46, 0 %
2026/05/26 13:57:21.007, [N/A], 46, 0 %
2026/05/26 13:57:22.007, [N/A], 46, 0 %
2026/05/26 13:57:23.007, [N/A], 46, 0 %
2026/05/26 13:57:24.008, [N/A], 46, 0 %
2026/05/26 13:57:25.008, [N/A], 46, 0 %
2026/05/26 13:57:26.009, [N/A], 46, 0 %
2026/05/26 13:57:27.009, [N/A], 46, 0 %
2026/05/26 13:57:28.009, [N/A], 46, 0 %
2026/05/26 13:57:29.010, [N/A], 46, 0 %
2026/05/26 13:57:30.010, [N/A], 46, 0 %
2026/05/26 13:57:31.011, [N/A], 46, 0 %
2026/05/26 13:57:32.011, [N/A], 46, 0 %
2026/05/26 13:57:33.012, [N/A], 46, 0 %
2026/05/26 13:57:34.012, [N/A], 47, 0 %
2026/05/26 13:57:35.012, [N/A], 47, 0 %
2026/05/26 13:57:36.013, [N/A], 47, 0 %
2026/05/26 13:57:37.013, [N/A], 47, 0 %
2026/05/26 13:57:38.014, [N/A], 47, 0 %
2026/05/26 13:57:39.014, [N/A], 47, 0 %
2026/05/26 13:57:40.015, [N/A], 47, 0 %
2026/05/26 13:57:41.015, [N/A], 47, 0 %
2026/05/26 13:57:42.015, [N/A], 51, 96 %
2026/05/26 13:57:43.015, [N/A], 57, 95 %
2026/05/26 13:57:44.015, [N/A], 60, 95 %
2026/05/26 13:57:45.016, [N/A], 61, 96 %
2026/05/26 13:57:46.016, [N/A], 62, 96 %
2026/05/26 13:57:47.017, [N/A], 63, 96 %
2026/05/26 13:57:48.017, [N/A], 64, 96 %
2026/05/26 13:57:49.017, [N/A], 53, 0 %
2026/05/26 13:57:50.018, [N/A], 52, 0 %
2026/05/26 13:57:51.018, [N/A], 51, 0 %
2026/05/26 13:57:52.018, [N/A], 51, 0 %
2026/05/26 13:57:53.018, [N/A], 51, 0 %
2026/05/26 13:57:54.019, [N/A], 51, 0 %
2026/05/26 13:57:55.019, [N/A], 51, 0 %
2026/05/26 13:57:56.020, [N/A], 51, 0 %
2026/05/26 13:57:57.020, [N/A], 51, 0 %
2026/05/26 13:57:58.020, [N/A], 50, 0 %
2026/05/26 13:57:59.020, [N/A], 50, 0 %
2026/05/26 13:58:00.021, [N/A], 50, 0 %
2026/05/26 13:58:01.021, [N/A], 50, 0 %
2026/05/26 13:58:02.021, [N/A], 50, 0 %
2026/05/26 13:58:03.021, [N/A], 50, 0 %
2026/05/26 13:58:04.022, [N/A], 50, 0 %
2026/05/26 13:58:05.022, [N/A], 50, 0 %
2026/05/26 13:58:06.022, [N/A], 50, 0 %
2026/05/26 13:58:07.022, [N/A], 50, 0 %
2026/05/26 13:58:08.023, [N/A], 50, 0 %
2026/05/26 13:58:09.023, [N/A], 50, 0 %
2026/05/26 13:58:10.024, [N/A], 50, 0 %
2026/05/26 13:58:11.024, [N/A], 50, 0 %
2026/05/26 13:58:12.024, [N/A], 50, 0 %
2026/05/26 13:58:13.025, [N/A], 50, 0 %
2026/05/26 13:58:14.025, [N/A], 50, 0 %
2026/05/26 13:58:15.025, [N/A], 50, 0 %
2026/05/26 13:58:16.026, [N/A], 50, 0 %
2026/05/26 13:58:17.026, [N/A], 50, 0 %
2026/05/26 13:58:18.026, [N/A], 50, 0 %
2026/05/26 13:58:19.026, [N/A], 50, 0 %
2026/05/26 13:58:20.027, [N/A], 50, 0 %
2026/05/26 13:58:21.027, [N/A], 50, 0 %
2026/05/26 13:58:22.027, [N/A], 50, 0 %
2026/05/26 13:58:23.027, [N/A], 50, 0 %
2026/05/26 13:58:24.028, [N/A], 50, 0 %
2026/05/26 13:58:25.028, [N/A], 50, 0 %
2026/05/26 13:58:26.029, [N/A], 50, 0 %
2026/05/26 13:58:27.029, [N/A], 50, 0 %
2026/05/26 13:58:28.029, [N/A], 50, 0 %
2026/05/26 13:58:29.030, [N/A], 50, 0 %
2026/05/26 13:58:30.030, [N/A], 50, 0 %
2026/05/26 13:58:31.030, [N/A], 50, 0 %
2026/05/26 13:58:32.031, [N/A], 50, 0 %
2026/05/26 13:58:33.031, [N/A], 50, 0 %
2026/05/26 13:58:34.031, [N/A], 50, 0 %
2026/05/26 13:58:35.032, [N/A], 50, 0 %
2026/05/26 13:58:36.032, [N/A], 50, 0 %
2026/05/26 13:58:37.032, [N/A], 50, 0 %
2026/05/26 13:58:38.033, [N/A], 50, 0 %
2026/05/26 13:58:39.033, [N/A], 50, 0 %
2026/05/26 13:58:40.034, [N/A], 50, 0 %
2026/05/26 13:58:41.035, [N/A], 50, 0 %
2026/05/26 13:58:42.035, [N/A], 50, 0 %
2026/05/26 13:58:43.035, [N/A], 50, 0 %
2026/05/26 13:58:44.036, [N/A], 50, 0 %
2026/05/26 13:58:45.036, [N/A], 50, 0 %
2026/05/26 13:58:46.036, [N/A], 50, 0 %
2026/05/26 13:58:47.037, [N/A], 50, 0 %
2026/05/26 13:58:48.038, [N/A], 50, 0 %
2026/05/26 13:58:49.038, [N/A], 50, 0 %
2026/05/26 13:58:50.039, [N/A], 50, 0 %
2026/05/26 13:58:51.039, [N/A], 50, 0 %
2026/05/26 13:58:52.039, [N/A], 50, 0 %
2026/05/26 13:58:53.039, [N/A], 50, 0 %
2026/05/26 13:58:54.040, [N/A], 50, 0 %
2026/05/26 13:58:55.040, [N/A], 50, 0 %
2026/05/26 13:58:56.040, [N/A], 50, 0 %
2026/05/26 13:58:57.041, [N/A], 50, 0 %
2026/05/26 13:58:58.041, [N/A], 50, 0 %
2026/05/26 13:58:59.042, [N/A], 50, 0 %
2026/05/26 13:59:00.042, [N/A], 50, 0 %
2026/05/26 13:59:01.043, [N/A], 50, 0 %
2026/05/26 13:59:02.043, [N/A], 50, 0 %
2026/05/26 13:59:03.044, [N/A], 50, 0 %
2026/05/26 13:59:04.044, [N/A], 50, 0 %
2026/05/26 13:59:05.044, [N/A], 50, 0 %
2026/05/26 13:59:06.045, [N/A], 50, 0 %
2026/05/26 13:59:07.045, [N/A], 50, 0 %
2026/05/26 13:59:08.045, [N/A], 50, 0 %
2026/05/26 13:59:09.046, [N/A], 50, 0 %
2026/05/26 13:59:10.046, [N/A], 50, 0 %
2026/05/26 13:59:11.046, [N/A], 50, 0 %
2026/05/26 13:59:12.047, [N/A], 50, 0 %
2026/05/26 13:59:13.048, [N/A], 50, 0 %
2026/05/26 13:59:14.048, [N/A], 50, 0 %
2026/05/26 13:59:15.048, [N/A], 50, 0 %
2026/05/26 13:59:16.049, [N/A], 50, 0 %
2026/05/26 13:59:17.049, [N/A], 50, 0 %
2026/05/26 13:59:18.050, [N/A], 50, 0 %
2026/05/26 13:59:19.050, [N/A], 50, 0 %
2026/05/26 13:59:20.050, [N/A], 50, 0 %
2026/05/26 13:59:21.051, [N/A], 50, 0 %
2026/05/26 13:59:22.052, [N/A], 50, 0 %
2026/05/26 13:59:23.053, [N/A], 50, 0 %
2026/05/26 13:59:24.053, [N/A], 50, 0 %
2026/05/26 13:59:25.054, [N/A], 50, 0 %
2026/05/26 13:59:26.054, [N/A], 50, 0 %
2026/05/26 13:59:27.054, [N/A], 50, 0 %
2026/05/26 13:59:28.055, [N/A], 50, 0 %
2026/05/26 13:59:29.056, [N/A], 50, 0 %
2026/05/26 13:59:30.057, [N/A], 50, 0 %
2026/05/26 13:59:31.057, [N/A], 50, 0 %
2026/05/26 13:59:32.057, [N/A], 50, 0 %
2026/05/26 13:59:33.058, [N/A], 50, 0 %
2026/05/26 13:59:34.058, [N/A], 50, 0 %
2026/05/26 13:59:35.058, [N/A], 50, 0 %
2026/05/26 13:59:36.059, [N/A], 50, 0 %
2026/05/26 13:59:37.059, [N/A], 50, 0 %
2026/05/26 13:59:38.059, [N/A], 50, 0 %
2026/05/26 13:59:39.060, [N/A], 50, 0 %
2026/05/26 13:59:40.060, [N/A], 50, 0 %
2026/05/26 13:59:41.061, [N/A], 50, 0 %
2026/05/26 13:59:42.061, [N/A], 50, 0 %
2026/05/26 13:59:43.061, [N/A], 50, 0 %
2026/05/26 13:59:44.061, [N/A], 50, 0 %
2026/05/26 13:59:45.062, [N/A], 50, 0 %
2026/05/26 13:59:46.063, [N/A], 50, 0 %
2026/05/26 13:59:47.063, [N/A], 50, 0 %
2026/05/26 13:59:48.063, [N/A], 50, 0 %
2026/05/26 13:59:49.063, [N/A], 50, 0 %
2026/05/26 13:59:50.064, [N/A], 50, 0 %
2026/05/26 13:59:51.064, [N/A], 50, 0 %
2026/05/26 13:59:52.065, [N/A], 50, 0 %
2026/05/26 13:59:53.065, [N/A], 50, 0 %
2026/05/26 13:59:54.066, [N/A], 50, 0 %
2026/05/26 13:59:55.066, [N/A], 50, 0 %
2026/05/26 13:59:56.066, [N/A], 50, 0 %
2026/05/26 13:59:57.067, [N/A], 50, 0 %
2026/05/26 13:59:58.067, [N/A], 50, 0 %
2026/05/26 13:59:59.067, [N/A], 50, 0 %
2026/05/26 14:00:00.067, [N/A], 50, 0 %
2026/05/26 14:00:01.068, [N/A], 50, 0 %
2026/05/26 14:00:02.068, [N/A], 50, 0 %
2026/05/26 14:00:03.069, [N/A], 50, 0 %
2026/05/26 14:00:04.069, [N/A], 50, 0 %
2026/05/26 14:00:05.069, [N/A], 50, 0 %
2026/05/26 14:00:06.070, [N/A], 50, 0 %
2026/05/26 14:00:07.070, [N/A], 50, 0 %
2026/05/26 14:00:08.071, [N/A], 50, 0 %
2026/05/26 14:00:09.071, [N/A], 50, 0 %
2026/05/26 14:00:10.071, [N/A], 50, 0 %
2026/05/26 14:00:11.072, [N/A], 50, 0 %
2026/05/26 14:00:12.072, [N/A], 50, 0 %
2026/05/26 14:00:13.072, [N/A], 50, 0 %
2026/05/26 14:00:14.073, [N/A], 50, 0 %
2026/05/26 14:00:15.073, [N/A], 50, 0 %
2026/05/26 14:00:16.073, [N/A], 50, 0 %
2026/05/26 14:00:17.073, [N/A], 50, 0 %
2026/05/26 14:00:18.073, [N/A], 50, 0 %
2026/05/26 14:00:19.074, [N/A], 50, 0 %
2026/05/26 14:00:20.074, [N/A], 50, 0 %
2026/05/26 14:00:21.075, [N/A], 50, 0 %
2026/05/26 14:00:22.075, [N/A], 50, 0 %
2026/05/26 14:00:23.076, [N/A], 50, 0 %
2026/05/26 14:00:24.076, [N/A], 50, 0 %
2026/05/26 14:00:25.076, [N/A], 50, 0 %
2026/05/26 14:00:26.076, [N/A], 50, 0 %
2026/05/26 14:00:27.077, [N/A], 50, 0 %
2026/05/26 14:00:28.077, [N/A], 50, 8 %
2026/05/26 14:00:29.078, [N/A], 49, 0 %
2026/05/26 14:00:30.078, [N/A], 49, 0 %
2026/05/26 14:00:31.078, [N/A], 48, 0 %
2026/05/26 14:00:32.079, [N/A], 48, 0 %
2026/05/26 14:00:33.079, [N/A], 48, 0 %
2026/05/26 14:00:34.079, [N/A], 48, 0 %
2026/05/26 14:00:35.080, [N/A], 48, 0 %
2026/05/26 14:00:36.080, [N/A], 48, 0 %
2026/05/26 14:00:37.081, [N/A], 48, 0 %
2026/05/26 14:00:38.081, [N/A], 47, 0 %
2026/05/26 14:00:39.082, [N/A], 47, 0 %
2026/05/26 14:00:40.082, [N/A], 47, 0 %
2026/05/26 14:00:41.082, [N/A], 47, 0 %
2026/05/26 14:00:42.085, [N/A], 47, 0 %
2026/05/26 14:00:43.085, [N/A], 47, 0 %
2026/05/26 14:00:44.085, [N/A], 47, 0 %
2026/05/26 14:00:45.085, [N/A], 47, 0 %
2026/05/26 14:00:46.086, [N/A], 47, 0 %
2026/05/26 14:00:47.087, [N/A], 47, 0 %
2026/05/26 14:00:48.087, [N/A], 46, 0 %
2026/05/26 14:00:49.088, [N/A], 46, 0 %
2026/05/26 14:00:50.088, [N/A], 46, 0 %
2026/05/26 14:00:51.089, [N/A], 46, 0 %
2026/05/26 14:00:52.090, [N/A], 46, 0 %
2026/05/26 14:00:53.091, [N/A], 46, 0 %
2026/05/26 14:00:54.091, [N/A], 46, 0 %
2026/05/26 14:00:55.091, [N/A], 46, 0 %
2026/05/26 14:00:56.091, [N/A], 47, 0 %
2026/05/26 14:00:57.092, [N/A], 47, 0 %
2026/05/26 14:00:58.092, [N/A], 47, 0 %
2026/05/26 14:00:59.093, [N/A], 47, 0 %
2026/05/26 14:01:00.093, [N/A], 47, 0 %
2026/05/26 14:01:01.093, [N/A], 47, 0 %
2026/05/26 14:01:02.093, [N/A], 47, 0 %
2026/05/26 14:01:03.094, [N/A], 47, 0 %
2026/05/26 14:01:04.094, [N/A], 47, 0 %
2026/05/26 14:01:05.095, [N/A], 47, 0 %
2026/05/26 14:01:06.095, [N/A], 47, 0 %
2026/05/26 14:01:07.095, [N/A], 47, 0 %
2026/05/26 14:01:08.432, [N/A], 47, 0 %
2026/05/26 14:01:09.629, [N/A], 53, 96 %
2026/05/26 14:01:10.629, [N/A], 58, 96 %
2026/05/26 14:01:11.629, [N/A], 60, 96 %
2026/05/26 14:01:12.630, [N/A], 61, 96 %
2026/05/26 14:01:13.630, [N/A], 63, 96 %
2026/05/26 14:01:14.630, [N/A], 63, 96 %
2026/05/26 14:01:15.631, [N/A], 65, 96 %
2026/05/26 14:01:16.631, [N/A], 53, 0 %
2026/05/26 14:01:17.632, [N/A], 52, 0 %
2026/05/26 14:01:18.632, [N/A], 52, 0 %
2026/05/26 14:01:19.632, [N/A], 52, 0 %
2026/05/26 14:01:20.633, [N/A], 51, 0 %
2026/05/26 14:01:21.633, [N/A], 51, 0 %
2026/05/26 14:01:22.633, [N/A], 51, 0 %
2026/05/26 14:01:23.633, [N/A], 51, 0 %
2026/05/26 14:01:24.634, [N/A], 51, 0 %
2026/05/26 14:01:25.634, [N/A], 51, 0 %
2026/05/26 14:01:26.635, [N/A], 51, 0 %
2026/05/26 14:01:27.635, [N/A], 51, 0 %
2026/05/26 14:01:28.636, [N/A], 51, 0 %
2026/05/26 14:01:29.636, [N/A], 51, 0 %
2026/05/26 14:01:30.636, [N/A], 51, 0 %
2026/05/26 14:01:31.636, [N/A], 50, 0 %
2026/05/26 14:01:32.637, [N/A], 50, 0 %
2026/05/26 14:01:33.637, [N/A], 50, 0 %
2026/05/26 14:01:34.637, [N/A], 50, 0 %
2026/05/26 14:01:35.638, [N/A], 50, 0 %
2026/05/26 14:01:36.638, [N/A], 50, 0 %
2026/05/26 14:01:37.639, [N/A], 50, 0 %
2026/05/26 14:01:38.639, [N/A], 50, 0 %
2026/05/26 14:01:39.640, [N/A], 50, 0 %
2026/05/26 14:01:40.640, [N/A], 50, 0 %
2026/05/26 14:01:41.641, [N/A], 50, 0 %
2026/05/26 14:01:42.641, [N/A], 50, 0 %
2026/05/26 14:01:43.641, [N/A], 50, 0 %
2026/05/26 14:01:44.642, [N/A], 50, 0 %
2026/05/26 14:01:45.642, [N/A], 50, 0 %
2026/05/26 14:01:46.642, [N/A], 50, 0 %
2026/05/26 14:01:47.643, [N/A], 50, 0 %
2026/05/26 14:01:48.643, [N/A], 50, 0 %
2026/05/26 14:01:49.644, [N/A], 50, 0 %
2026/05/26 14:01:50.644, [N/A], 50, 0 %
2026/05/26 14:01:51.644, [N/A], 50, 0 %
2026/05/26 14:01:52.645, [N/A], 50, 0 %
2026/05/26 14:01:53.645, [N/A], 50, 0 %
2026/05/26 14:01:54.645, [N/A], 50, 0 %
2026/05/26 14:01:55.646, [N/A], 50, 0 %
2026/05/26 14:01:56.646, [N/A], 50, 0 %
2026/05/26 14:01:57.646, [N/A], 50, 0 %
2026/05/26 14:01:58.646, [N/A], 50, 0 %
2026/05/26 14:01:59.647, [N/A], 50, 0 %
2026/05/26 14:02:00.647, [N/A], 50, 0 %
2026/05/26 14:02:01.647, [N/A], 50, 0 %
2026/05/26 14:02:02.648, [N/A], 50, 0 %
2026/05/26 14:02:03.648, [N/A], 50, 0 %
2026/05/26 14:02:04.648, [N/A], 50, 0 %
2026/05/26 14:02:05.648, [N/A], 50, 0 %
2026/05/26 14:02:06.649, [N/A], 50, 0 %
2026/05/26 14:02:07.649, [N/A], 50, 0 %
2026/05/26 14:02:08.649, [N/A], 50, 0 %
2026/05/26 14:02:09.649, [N/A], 50, 0 %
2026/05/26 14:02:10.649, [N/A], 50, 0 %
2026/05/26 14:02:11.649, [N/A], 50, 0 %
2026/05/26 14:02:12.650, [N/A], 50, 0 %
2026/05/26 14:02:13.650, [N/A], 50, 0 %
2026/05/26 14:02:14.650, [N/A], 50, 0 %
2026/05/26 14:02:15.650, [N/A], 50, 0 %
2026/05/26 14:02:16.650, [N/A], 50, 0 %
2026/05/26 14:02:17.651, [N/A], 50, 0 %
2026/05/26 14:02:18.651, [N/A], 50, 0 %
2026/05/26 14:02:19.651, [N/A], 50, 0 %
2026/05/26 14:02:20.651, [N/A], 50, 0 %
2026/05/26 14:02:21.652, [N/A], 50, 0 %
2026/05/26 14:02:22.652, [N/A], 50, 0 %
2026/05/26 14:02:23.652, [N/A], 50, 0 %
2026/05/26 14:02:24.653, [N/A], 50, 0 %
2026/05/26 14:02:25.653, [N/A], 50, 0 %
2026/05/26 14:02:26.653, [N/A], 50, 0 %
2026/05/26 14:02:27.653, [N/A], 50, 0 %
2026/05/26 14:02:28.654, [N/A], 50, 0 %
2026/05/26 14:02:29.654, [N/A], 50, 0 %
2026/05/26 14:02:30.654, [N/A], 50, 0 %
2026/05/26 14:02:31.654, [N/A], 50, 0 %
2026/05/26 14:02:32.654, [N/A], 50, 0 %
2026/05/26 14:02:33.654, [N/A], 50, 0 %
2026/05/26 14:02:34.655, [N/A], 50, 0 %
2026/05/26 14:02:35.655, [N/A], 50, 0 %
2026/05/26 14:02:36.655, [N/A], 50, 0 %
2026/05/26 14:02:37.655, [N/A], 50, 0 %
2026/05/26 14:02:38.655, [N/A], 50, 0 %
2026/05/26 14:02:39.656, [N/A], 50, 0 %
2026/05/26 14:02:40.656, [N/A], 50, 0 %
2026/05/26 14:02:41.656, [N/A], 50, 0 %
2026/05/26 14:02:42.656, [N/A], 50, 0 %
2026/05/26 14:02:43.656, [N/A], 50, 0 %
2026/05/26 14:02:44.657, [N/A], 50, 0 %
2026/05/26 14:02:45.657, [N/A], 50, 0 %
2026/05/26 14:02:46.657, [N/A], 50, 0 %
2026/05/26 14:02:47.657, [N/A], 50, 0 %
2026/05/26 14:02:48.658, [N/A], 50, 0 %
2026/05/26 14:02:49.658, [N/A], 50, 0 %
2026/05/26 14:02:50.658, [N/A], 50, 0 %
2026/05/26 14:02:51.658, [N/A], 50, 0 %
2026/05/26 14:02:52.659, [N/A], 50, 0 %
2026/05/26 14:02:53.659, [N/A], 50, 0 %
2026/05/26 14:02:54.660, [N/A], 50, 0 %
2026/05/26 14:02:55.660, [N/A], 50, 0 %
2026/05/26 14:02:56.660, [N/A], 50, 0 %
2026/05/26 14:02:57.660, [N/A], 50, 0 %
2026/05/26 14:02:58.661, [N/A], 50, 0 %
2026/05/26 14:02:59.661, [N/A], 50, 0 %
2026/05/26 14:03:00.661, [N/A], 50, 0 %
2026/05/26 14:03:01.661, [N/A], 50, 0 %
2026/05/26 14:03:02.662, [N/A], 50, 0 %
2026/05/26 14:03:03.662, [N/A], 50, 0 %
2026/05/26 14:03:04.662, [N/A], 50, 0 %
2026/05/26 14:03:05.662, [N/A], 50, 0 %
2026/05/26 14:03:06.663, [N/A], 50, 0 %
2026/05/26 14:03:07.663, [N/A], 50, 0 %
2026/05/26 14:03:08.663, [N/A], 50, 0 %
2026/05/26 14:03:09.663, [N/A], 50, 0 %
2026/05/26 14:03:10.663, [N/A], 50, 0 %
2026/05/26 14:03:11.663, [N/A], 50, 0 %
2026/05/26 14:03:12.664, [N/A], 50, 0 %
2026/05/26 14:03:13.664, [N/A], 50, 0 %
2026/05/26 14:03:14.664, [N/A], 50, 0 %
2026/05/26 14:03:15.665, [N/A], 50, 0 %
2026/05/26 14:03:16.665, [N/A], 50, 0 %
2026/05/26 14:03:17.665, [N/A], 50, 0 %
2026/05/26 14:03:18.665, [N/A], 50, 0 %
2026/05/26 14:03:19.665, [N/A], 50, 0 %
2026/05/26 14:03:20.666, [N/A], 50, 0 %
2026/05/26 14:03:21.666, [N/A], 50, 0 %
2026/05/26 14:03:22.666, [N/A], 50, 0 %
2026/05/26 14:03:23.666, [N/A], 50, 0 %
2026/05/26 14:03:24.667, [N/A], 50, 0 %
2026/05/26 14:03:25.667, [N/A], 50, 0 %
2026/05/26 14:03:26.667, [N/A], 50, 0 %
2026/05/26 14:03:27.667, [N/A], 50, 0 %
2026/05/26 14:03:28.668, [N/A], 50, 0 %
2026/05/26 14:03:29.668, [N/A], 50, 0 %
2026/05/26 14:03:30.668, [N/A], 50, 0 %
2026/05/26 14:03:31.668, [N/A], 50, 0 %
2026/05/26 14:03:32.668, [N/A], 50, 0 %
2026/05/26 14:03:33.669, [N/A], 50, 0 %
2026/05/26 14:03:34.669, [N/A], 50, 0 %
2026/05/26 14:03:35.670, [N/A], 50, 0 %
2026/05/26 14:03:36.670, [N/A], 50, 0 %
2026/05/26 14:03:37.670, [N/A], 50, 0 %
2026/05/26 14:03:38.670, [N/A], 50, 0 %
2026/05/26 14:03:39.671, [N/A], 50, 0 %
2026/05/26 14:03:40.671, [N/A], 50, 0 %
2026/05/26 14:03:41.671, [N/A], 50, 0 %
2026/05/26 14:03:42.672, [N/A], 50, 0 %
2026/05/26 14:03:43.672, [N/A], 50, 0 %
2026/05/26 14:03:44.673, [N/A], 50, 0 %
2026/05/26 14:03:45.673, [N/A], 50, 0 %
2026/05/26 14:03:46.673, [N/A], 50, 0 %
2026/05/26 14:03:47.674, [N/A], 50, 0 %
2026/05/26 14:03:48.674, [N/A], 50, 0 %
2026/05/26 14:03:49.675, [N/A], 50, 0 %
2026/05/26 14:03:50.675, [N/A], 50, 0 %
2026/05/26 14:03:51.675, [N/A], 50, 0 %
2026/05/26 14:03:52.675, [N/A], 50, 0 %
2026/05/26 14:03:53.676, [N/A], 50, 0 %
2026/05/26 14:03:54.676, [N/A], 50, 0 %
2026/05/26 14:03:55.676, [N/A], 50, 0 %
